Invoice No,Invoice Date,GSTIN of Supplier,Supplier Name,Taxable Value,Integrated Tax,Central Tax,State/UT Tax,Cess,HSN/SAC,Place of Supply,IMS Status,Note Type
INV-AUG-101,05-08-2026,27AAAFN2938K1Z2,Nimbus Freight Logistics,180000,32400,0,0,0,9965,27,Accepted,
INV-AUG-102,06-08-2026,29AAECK4410L1Z7,Kavya Cloud Systems LLP,95000,0,8550,8550,0,8523,29,Accepted,
INV-AUG-103,07-08-2026,07AABCP7712M1Z9,Prithvi Office Supplies Pvt Ltd,40000,0,3600,3600,0,4820,07,No Action,
INV-AUG-104,07-08-2026,33AADCS5521N1Z3,Suryan Textiles Ltd,260000,46800,0,0,0,5208,33,Accepted,
INV-AUG-106,09-08-2026,09AAFCR8834Q1Z1,Ridhira Engineering Works,310000,55800,0,0,0,8479,09,Accepted,
INV-AUG-107,10-08-2026,19AABCM2207R1Z4,Meghla Packaging Co,58000,0,5220,5220,0,4819,19,Accepted,
INV-AUG-108,10-08-2026,36AADCT6650S1Z8,Trisha Digital Media Pvt Ltd,120000,0,10800,10800,0,9983,36,Accepted,
INV-AUG-110,12-08-2026,08AABCD5567T1Z2,Deccan Hardware Traders,68000,0,6120,6120,0,7318,08,Accepted,
INV-AUG-111,13-08-2026,29AAECK4410L1Z7,Kavya Cloud Systems LLP,15000,0,1350,1350,0,8523,29,No Action,
